,Product Name,Brand,Price ($AUD),Savings!
0,Lonsdale Men's Waterloo Core Hoodie - Charcoal Marle,Lonsdale,33.99,-
1,Champion Men's Script Cuff Track Pants - Black,Champion,49.99,$15
2,Lonsdale Men's Lawson Core Trackpants / Tracksuit Pants - Charcoal Marle,Lonsdale,34.99,-
3,Lonsdale Men's Belmont Panelled Hoodie - Navy,Lonsdale,44.99,-
4,Champion Men's Script Hoodie - Black,Champion,59.99,-
5,Champion Men's Script Jersey Shorts - Oxford Heather,Champion,24.99,$10
6,Lonsdale Women's Midhurst Hoodie - Grey Marle,Lonsdale,36.99,-
7,Lonsdale Men's Glaston Core Hoodie - Black,Lonsdale,33.99,-
8,Lonsdale Men's Bethnal Reverse Panel Trackpants / Tracksuit Pants - Eucalyptus,Lonsdale,34.99,-
9,Lonsdale Women's Tilbury Hoodie - Choc Berry,Lonsdale,36.99,-
10,Lonsdale Men's Waterloo Core Hoodie - Khaki,Lonsdale,33.99,-
11,Champion Men's Script Hoodie - White,Champion,59.99,$15
12,Lonsdale Men's Hempstead Core Tee / T-Shirt / Tshirt - Lake,Lonsdale,16.99,-
13,Champion Men's Script Crew Sweatshirt - Granite Heather,Champion,45.0,$19
14,Champion Women's French Terry Script Trackpants / Tracksuit Pants - Black,Champion,44.95,$15
15,Lonsdale Men's Handover Core Shorts - Black,Lonsdale,23.99,-
16,Champion Women's High-Waisted Joggers - Black,Champion,49.99,$15
17,Champion Men's Script Short Sleeve Tee / T-Shirt / Tshirt - Navy,Champion,24.99,$10
18,Champion Men's Script Jersey Shorts - Black,Champion,24.99,$10
19,Champion Men's Script Crew Sweatshirt - Oxford Heather,Champion,44.99,$20
20,Champion Men's Script Long Sleeve Tee - Black,Champion,24.99,$15
21,Lonsdale Men's Handover Core Shorts - Khaki,Lonsdale,23.99,-
22,Lonsdale Men's Tate Core Crew Sweatshirt - Tobacco,Lonsdale,29.99,-
23,Lonsdale Women's Bernet Sherpa Popover Jumper - Dark Olive,Lonsdale,44.99,-
24,Champion Women's VF Script Hoodie - Red,Champion,54.99,-
25,Champion Men's Script Cuff Track Pants / Tracksuit Pants - Granite Heather,Champion,45.0,-
26,Lonsdale Men's Burnley Core Tee / T-Shirt / Tshirt - Grey Marle,Lonsdale,16.99,-
27,Champion Men's Script Cuff Track Pants - Oxford Heather,Champion,49.99,$15
28,Champion Men's Script Cuff Track Pants - Navy,Champion,49.99,$15
29,Lonsdale Men's Woodend Reverse Panel Hoodie - Eucalyptus,Lonsdale,34.99,-
30,Lonsdale Men's Kensal Panel Trackpants / Tracksuit Pants - Navy,Lonsdale,34.99,$10
31,Lonsdale Men's Lawson Core Trackpants / Tracksuit Pants - Tobacco,Lonsdale,34.99,-
32,Lonsdale Men's Lawson Core Trackpants / Tracksuit Pants - Black,Lonsdale,34.99,-
33,Champion Men's Script Crew Sweater - Vermillion Red,Champion,44.99,$20
34,Champion Women's Script Cuff Pants / Trackpants - Navy,Champion,34.99,$30
35,Lonsdale Women's Barton Leggings / Tights - Black,Lonsdale,34.99,-
36,Champion Women's Script Hoodie - Oxford Heather,Champion,54.99,$20
37,Lonsdale Women's Bernet Sherpa Popover Jumper - Unbleached,Lonsdale,44.99,-
38,Champion Women's Script Hoodie - White,Champion,54.99,$20
39,Champion Women's Script Tee / T-Shirt / Tshirt - Black,Champion,24.99,$10
40,Champion Men's C Logo Short Sleeve Tee / T-Shirt / Tshirt - Denim Fade,Champion,24.99,-
41,Champion Women's CH Script Cuff Track Pants / Tracksuit Pants - Oxford Heather,Champion,34.99,$30
42,Lonsdale Women's Tilbury Hoodie - Oat Milk,Lonsdale,36.99,-
43,Champion Men's Compound Script Muscle Tank - Black,Champion,19.99,-
44,Lonsdale Women's Wadhurst Crew - Eucalyptus,Lonsdale,32.99,-
45,Lonsdale Women's Southall Core Trackpants / Tracksuit Pants - Choc Berry,Lonsdale,34.99,-
46,Lonsdale Women's Ripley Quarter Zip Hooded Sweat - Black,Lonsdale,39.99,-
47,Champion Women's Script Tee / T-Shirt / Tshirt - Denim Fade,Champion,24.99,-
48,Champion Men's Script Hoodie - Navy,Champion,59.99,-
49,Champion Women's Script Tights / Leggings - Oxford Heather,Champion,34.99,-
50,Champion Women's Script Bike Shorts - Black,Champion,24.99,$20
51,Lonsdale Women's Penfold Collared Sweat - Sepia,Lonsdale,34.99,$10
52,Champion Men's Script Crew Sweater - Into The Storm,Champion,44.99,-
53,Champion Men's Packable Quarter Zip Jacket - Black,Champion,49.99,$30
54,Lonsdale Men's Handover Core Shorts - Oat Milk,Lonsdale,23.99,-
55,Lonsdale Men's Emerson Panel French Terry Shorts - Cool Grey,Lonsdale,23.99,-
56,Champion Women's Script Hoodie - Black,Champion,54.99,$20
57,Champion Men's Script Long Sleeve Tee / T-Shirt / Tshirt - White,Champion,24.99,$15
58,Lonsdale Men's Hempstead Core Tee / T-Shirt / Tshirt - Oat Milk,Lonsdale,16.99,-
59,Lonsdale Men's Manor Long Sleeve Panelled Tee / T-Shirt / Tshirt - Navy,Lonsdale,24.99,-
60,Lonsdale Men's Lawson Core Trackpants / Tracksuit Pants - Choc Berry,Lonsdale,34.99,-
61,Champion Men's Core Train Shorts - Army CSI,Champion,29.99,-
62,Champion Men's Perf Micro Muscle Tank - Army CSI,Champion,29.99,-
63,Lonsdale Women's Lincon Bike Shorts - Black,Lonsdale,29.99,-
64,Champion Women's Jersey Shorts - Black,Champion,29.99,-
65,Lonsdale Women's Southall Core Trackpants / Tracksuit Pants - Oat Milk,Lonsdale,34.99,-
66,Lonsdale Men's Tate Core Crew Sweatshirt - Choc Berry,Lonsdale,29.99,-
67,Champion Women's Perf Micro Tee / T-Shirt / Tshirt - Black,Champion,29.99,-
68,Lonsdale Women's Chilton Crossback Sports Bra - Choc Berry,Lonsdale,28.99,-
69,Champion Women's Jersey Shorts - Oxford Heather,Champion,19.95,-
70,Champion Women's C Logo Boxy Tee - Windflower,Champion,24.99,-
71,Champion Women's Script Tee / T-Shirt / Tshirt - Marshmallow Cloud,Champion,24.99,-
72,Champion Men's Core Training Script Short - Navy,Champion,19.99,-
73,Champion Men's C Logo Short Sleeve Tee / T-Shirt / Tshirt - Navy,Champion,24.99,$10
74,Champion Women's Ombre Script Jersey Shorts - Flower Field,Champion,29.95,$10
75,Lonsdale Women's Southwold Track Shorts - Eucalyptus,Lonsdale,24.99,-
76,Champion Men's C Logo Short Sleeve Tee / T-Shirt / Tshirt - Golden Milk,Champion,24.99,-
77,Champion Men's Script Short Sleeve Tee / T-Shirt / Tshirt - White,Champion,24.99,$10
78,Lonsdale Women's Barton Leggings / Tights - Choc Berry,Lonsdale,34.99,-
79,Champion Women's CH Script Tights / Leggings - Black,Champion,37.49,-
80,Champion Women's Script Crop Tee / T-Shirt / Tshirt - Black,Champion,24.99,$10
81,Champion Women's Jersey High-Waist Shorts - Golden Milk,Champion,29.99,-
82,Champion Women's Script Logo Cropped Tee / T-Shirt / Tshirt - White,Champion,24.0,$10
83,Champion Women's Short Sleeve Script Tee / T-Shirt / Tshirt - Vermillion,Champion,24.0,$10
